field.status.status,field.latitude,field.longitude
1,33.5954583434,130.219124224
1,33.5954583549,130.219124309
1,33.5954583367,130.219124479
1,33.5954583223,130.219124582
1,33.5954583274,130.219124558
1,33.5954583223,130.219124507
1,33.5954583403,130.21912448
1,33.595458338,130.219124459
1,33.5954583711,130.219124398
1,33.5954583724,130.219124396
1,33.5954583651,130.219124313
1,33.5954583916,130.219124307
1,33.5954584193,130.219124353
1,33.5954584026,130.219124391
1,33.5954583588,130.219124416
1,33.595458252,130.219124607
1,33.5954582161,130.219124809
1,33.595458236,130.219125001
1,33.5954582971,130.21912518
1,33.5954583576,130.21912519
1,33.595458346,130.219125119
1,33.5954583459,130.219124912
1,33.5954584086,130.219124659
1,33.5954584671,130.219124435
1,33.5954585125,130.219124168
1,33.5954585134,130.219123883
1,33.595458503,130.219123802
1,33.5954584893,130.219123833
1,33.5954584846,130.219123982
1,33.5954584779,130.219124185
1,33.595458469,130.21912435
1,33.5954583958,130.219124404
1,33.5954582579,130.219124537
1,33.5954582029,130.219124738
1,33.595458213,130.219124733
1,33.5954583092,130.219124449
1,33.5954584331,130.219124306
1,33.5954585599,130.219124173
1,33.5954586632,130.219124157
1,33.5954587576,130.219124153
1,33.5954588691,130.219124008
1,33.5954589917,130.219123669
1,33.595459086,130.219123521
1,33.5954590977,130.219123526
1,33.5954590209,130.219123555
1,33.5954589318,130.219123682
1,33.5954588328,130.219123886
1,33.5954587301,130.219124129
1,33.5954586582,130.219124471
1,33.5954586048,130.219124616
1,33.595458594,130.219124833
1,33.5954586492,130.219125169
1,33.5954587813,130.219125492
1,33.5954588792,130.219125901
1,33.5954589078,130.219126317
1,33.5954589323,130.219126494
1,33.5954589672,130.219126578
1,33.5954590604,130.219126934
1,33.5954591985,130.219127149
1,33.5954593753,130.219127172
1,33.5954595218,130.219127174
1,33.5954597399,130.21912724
1,33.5954599521,130.219127564
1,33.5954594677,130.219122612
1,33.5954597568,130.219122463
1,33.5954600497,130.219122493
1,33.5954602935,130.219123034
1,33.5954605606,130.219123682
1,33.5954608526,130.219124223
1,33.5954612206,130.219124649
1,33.5954615645,130.219125031
1,33.595461928,130.219125403
1,33.5954622597,130.219125678
1,33.5954625733,130.219126017
1,33.5954628767,130.219126469
1,33.595463166,130.219126798
1,33.5954633494,130.219127184
1,33.595463412,130.219127655
1,33.5954635392,130.219128049
1,33.5954638028,130.219128458
1,33.5954641531,130.219128972
1,33.5954646035,130.219129377
1,33.595464983,130.219129656
1,33.5954654534,130.219129788
1,33.5954659448,130.219129988
1,33.5954664207,130.219130289
1,33.5954670281,130.219130273
1,33.5954674577,130.219130286
1,33.5954679123,130.219130324
1,33.595468491,130.219130513
1,33.5954690484,130.219130747
1,33.5954696728,130.219131139
1,33.5954701877,130.219131607
1,33.595470691,130.219132093
1,33.595471275,130.219132563
1,33.5954718385,130.219133007
1,33.5954724753,130.219133373
1,33.5954729641,130.219133802
1,33.5954734136,130.219134191
1,33.5954739196,130.21913446
1,33.5954743951,130.219134517
1,33.5954750763,130.219134589
1,33.5954758175,130.219134624
1,33.5954765924,130.219134675
1,33.595477231,130.219134695
1,33.5954778763,130.219134814
1,33.5954785584,130.219135091
1,33.5954791408,130.219135662
1,33.5954797567,130.219136324
1,33.5954803446,130.219136918
1,33.5954810274,130.219137417
1,33.5954816408,130.219138054
1,33.5954822238,130.219138645
1,33.5954826888,130.219138814
1,33.5954830914,130.219138764
1,33.5954834896,130.219138611
1,33.5954839597,130.219138474
1,33.5954845678,130.219138242
1,33.5954852782,130.219137927
1,33.5954859304,130.219137791
1,33.5954866065,130.21913793
1,33.5954871076,130.219138127
1,33.595487552,130.219138213
1,33.5954879938,130.219138309
1,33.5954884307,130.219138403
1,33.5954888644,130.219138525
1,33.5954894311,130.219138732
1,33.5954900267,130.219138887
1,33.5954907003,130.219138979
1,33.5954914471,130.219138913
1,33.5954920173,130.21913875
1,33.5954924822,130.219138483
1,33.5954927903,130.219138151
1,33.5954931807,130.219137742
1,33.595493645,130.219137371
1,33.595494169,130.219137129
1,33.5954947986,130.219136781
1,33.5954952682,130.219136561
1,33.5954957694,130.219136579
1,33.5954962396,130.219136671
1,33.5954967262,130.219136638
1,33.5954972665,130.219136579
1,33.5954977436,130.219136473
1,33.5954983508,130.219136389
1,33.5954988858,130.219136423
1,33.5954994298,130.219136489
1,33.5954999645,130.219136612
1,33.5955004483,130.21913659
1,33.5955009075,130.219136488
-1,33.5955013959,130.219136501
0,33.595505457,130.219131602
0,33.5955056028,130.219130899
0,33.5955060346,130.219130493
0,33.5955066947,130.219130054
0,33.5955072711,130.219129761
1,33.5955073045,130.219129497
1,33.5955077477,130.219129379
1,33.5955082717,130.219129315
1,33.5955087257,130.21912918
1,33.5955091721,130.219128917
1,33.5955097234,130.219128842
1,33.5955103728,130.219128583
1,33.5955109728,130.219128399
1,33.595511687,130.21912822
1,33.5955123116,130.219127913
1,33.5955130169,130.219127617
1,33.5955135986,130.219127369
1,33.5955142907,130.219126871
1,33.5955148745,130.219126245
1,33.5955154278,130.219125975
1,33.5955159386,130.219125708
1,33.5955164498,130.219125361
1,33.5955168632,130.219125137
1,33.5955174519,130.219124961
1,33.5955180181,130.219124824
1,33.5955187281,130.219124589
1,33.5955194279,130.219124442
1,33.5955201629,130.219124205
1,33.5955207813,130.219124073
1,33.5955211976,130.219124032
1,33.5955214594,130.219123921
1,33.5955217027,130.219123861
1,33.5955219452,130.219123732
1,33.5955223069,130.219123394
1,33.5955228326,130.219122966
1,33.5955234478,130.219122439
1,33.5955241927,130.21912193
1,33.5955248265,130.21912146
1,33.5955254276,130.219121085
1,33.5955259543,130.219120801
1,33.5955265078,130.219120591
1,33.5955270655,130.21912034
1,33.5955276635,130.219120103
1,33.5955283112,130.219119817
1,33.5955290129,130.219119426
1,33.5955296345,130.219119108
1,33.5955302515,130.219118738
1,33.5955307402,130.219118348
1,33.59553116,130.21911785
1,33.5955315521,130.219117378
1,33.595531933,130.219116919
1,33.5955323351,130.219116429
1,33.5955327361,130.219116056
1,33.5955332114,130.219115711
1,33.5955337317,130.219115381
1,33.5955343508,130.219115033
1,33.5955350271,130.219114674
1,33.5955357856,130.219114227
1,33.5955365129,130.219113761
1,33.595537211,130.219113471
1,33.5955377282,130.219113194
1,33.5955381938,130.219112968
1,33.5955385773,130.219112665
1,33.5955389623,130.219112345
1,33.5955395074,130.21911191
1,33.5955398844,130.219111455
1,33.5955404925,130.219111053
1,33.595540988,130.219110632
1,33.5955415983,130.219110384
1,33.5955414996,130.219102481
1,33.5955422725,130.219102632
1,33.5955430423,130.21910242
1,33.5955437545,130.219102201
1,33.5955443993,130.219101916
1,33.5955450504,130.219101577
1,33.5955454723,130.219101232
1,33.5955460015,130.21910084
1,33.595546425,130.219100363
1,33.5955469015,130.21909989
1,33.5955474727,130.219099452
1,33.5955480014,130.219098896
1,33.595548618,130.219098398
1,33.5955490824,130.21909797
1,33.5955495522,130.219097581
1,33.5955500828,130.219097232
1,33.5955506231,130.219096758
1,33.5955512028,130.219096455
1,33.5955518135,130.219096234
1,33.5955523752,130.219095903
1,33.5955529934,130.219095439
1,33.5955535462,130.219094992
1,33.5955539763,130.219094589
1,33.5955544435,130.219094151
1,33.5955549343,130.219093705
1,33.595555389,130.219093211
1,33.5955558668,130.219092577
1,33.5955564522,130.219092065
1,33.5955569884,130.219091489
1,33.5955575124,130.219091018
1,33.5955579837,130.219090614
1,33.5955584024,130.219090223
1,33.5955589101,130.21908995
1,33.5955594283,130.219089501
1,33.5955600166,130.219089003
1,33.5955607299,130.219088458
1,33.5955613563,130.219088037
1,33.5955619402,130.21908777
1,33.5955625357,130.219087362
1,33.595563026,130.219086912
1,33.5955636636,130.219086451
1,33.5955642225,130.219085751
1,33.5955648731,130.219085094
1,33.5955653859,130.21908465
1,33.5955659039,130.219084173
1,33.5955663335,130.219083755
1,33.5955669082,130.219083299
1,33.5955674004,130.219082976
1,33.595568105,130.219082716
1,33.5955686928,130.21908233
1,33.5955692905,130.219082021
1,33.5955698154,130.219081697
1,33.5955702407,130.219081273
1,33.5955707503,130.219080805
1,33.5955712976,130.219080267
1,33.5955718511,130.219079637
1,33.5955723925,130.219079096
1,33.5955727804,130.219078603
1,33.5955732921,130.219078201
1,33.5955738037,130.219077842
1,33.595574341,130.21907759
1,33.5955750104,130.21907725
1,33.5955755993,130.219076964
1,33.5955761684,130.219076749
1,33.5955766039,130.21907644
1,33.5955769672,130.219075952
1,33.5955774084,130.219075464
1,33.5955778824,130.21907491
1,33.5955783854,130.219074228
1,33.5955789389,130.219073511
1,33.5955794548,130.219072911
1,33.5955800409,130.219072459
1,33.5955806909,130.219072186
1,33.5955812915,130.219071823
1,33.595581981,130.219071639
1,33.5955826083,130.219071373
1,33.5955833226,130.21907103
1,33.5955839256,130.219070531
1,33.59558447,130.219070113
1,33.5955849544,130.219069709
1,33.5955853723,130.219069267
1,33.5955859359,130.21906877
1,33.5955864964,130.21906817
1,33.5955871162,130.219067522
1,33.5955876835,130.219066901
1,33.595588246,130.219066349
1,33.5955888579,130.21906591
1,33.5955895036,130.219065499
1,33.5955901427,130.219065182
1,33.5955908631,130.219064824
1,33.5955916149,130.219064303
1,33.5955923644,130.219063706
1,33.5955929715,130.219063193
1,33.5955935411,130.219062813
1,33.5955941283,130.219062232
1,33.595594678,130.219061548
1,33.5955951916,130.219060967
1,33.5955956785,130.219060243
1,33.5955961262,130.219059705
1,33.595596488,130.219059237
1,33.5955970364,130.219058875
1,33.5955975843,130.219058498
1,33.5955982909,130.219058094
1,33.5955990218,130.219057706
1,33.5955998062,130.219057217
1,33.5956005609,130.219056827
1,33.5956012969,130.219056417
1,33.5956018427,130.219056048
1,33.5956023493,130.219055734
1,33.5956029333,130.219055382
1,33.5956034652,130.219054856
1,33.5956040879,130.219054349
1,33.5956046355,130.219053737
1,33.5956052607,130.21905305
1,33.5956058114,130.219052623
1,33.5956064274,130.21905232
1,33.5956071156,130.219052111
1,33.5956077611,130.219051814
1,33.5956085366,130.21905136
1,33.5956092869,130.21905081
1,33.5956099913,130.219050384
1,33.5956105238,130.21905002
1,33.5956111362,130.219049595
1,33.5956116442,130.219049201
1,33.5956123001,130.219048779
1,33.5956129026,130.219048322
1,33.5956135641,130.219047588
1,33.5956142452,130.219047035
1,33.5956149286,130.219046655
1,33.5956156541,130.219046286
1,33.5956163184,130.219045995
1,33.595617094,130.219045779
1,33.5956177637,130.219045432
1,33.5956185343,130.219045116
1,33.5956191678,130.219044782
1,33.5956198928,130.219044382
1,33.5956204734,130.219043871
1,33.5956211223,130.219043358
1,33.595621729,130.219042801
1,33.5956222562,130.219042261
1,33.5956227436,130.219041807
1,33.5956232064,130.219041551
1,33.5956236608,130.219041384
1,33.5956241494,130.219041175
1,33.5956246598,130.219040889
1,33.59562527,130.219040684
1,33.5956259276,130.219040308
1,33.5956267995,130.219040094
1,33.5956274647,130.219039829
1,33.5956281419,130.219039604
1,33.5956287505,130.219039469
1,33.5956292988,130.219039262
1,33.5956300484,130.219038846
1,33.5956307468,130.219038398
1,33.5956314641,130.21903807
1,33.5956321253,130.21903776
1,33.5956327559,130.21903758
1,33.5956333412,130.219037373
1,33.5956340264,130.219037101
1,33.5956347731,130.219036883
1,33.5956355501,130.219036846
1,33.5956363502,130.219036698
1,33.5956370358,130.219036517
1,33.5956377371,130.219036313
1,33.5956383439,130.219036055
1,33.5956391008,130.219035651
1,33.5956397609,130.2190353
1,33.59564045,130.219034893
1,33.5956410562,130.21903451
1,33.5956416666,130.219034202
1,33.5956422289,130.219033902
1,33.5956428165,130.219033698
1,33.59564361,130.219033494
1,33.5956442727,130.219033343
1,33.595645119,130.219033062
1,33.5956457886,130.219032885
1,33.5956463694,130.219032672
1,33.5956469751,130.219032466
1,33.5956474834,130.219032229
1,33.5956480736,130.219032008
1,33.5956487004,130.219031586
1,33.5956493836,130.219031037
1,33.5956501036,130.21903065
1,33.5956506961,130.219030397
1,33.5956513128,130.219030114
1,33.5956518573,130.219030152
1,33.5956524994,130.219030187
1,33.5956530806,130.219029896
1,33.5956537977,130.219029756
1,33.595654359,130.219029511
1,33.5956548963,130.219029373
1,33.5956554688,130.21902899
1,33.5956560714,130.219028608
1,33.595656668,130.219028116
1,33.5956572217,130.219027523
1,33.595657795,130.219027439
1,33.5956583156,130.21902711
1,33.5956589122,130.219026795
1,33.5956595066,130.219026832
1,33.5956603175,130.21902685
1,33.5956610136,130.219026554
1,33.5956617933,130.219026363
1,33.5956625067,130.219026212
1,33.5956631841,130.219026141
1,33.5956637322,130.219026027
1,33.5956642232,130.219025989
1,33.5956647301,130.21902582
1,33.5956650938,130.21902593
1,33.5956655657,130.219026142
1,33.5956659277,130.219026117
1,33.5956664453,130.219026172
1,33.5956670113,130.21902604
1,33.5956675296,130.219026306
1,33.5956681272,130.219026535
1,33.5956687777,130.219026519
1,33.5956693389,130.21902699
1,33.5956698904,130.219026432
1,33.5956703327,130.219026654
1,33.5956707031,130.219027167
1,33.5956711686,130.219027004
1,33.5956716813,130.219027413
1,33.5956722801,130.219027646
1,33.5956727756,130.219027736
1,33.5956731795,130.219028127
1,33.5956736763,130.21902817
1,33.5956740914,130.219028439
1,33.5956744894,130.219028732
1,33.5956748961,130.219029014
1,33.5956753163,130.219029479
1,33.5956757314,130.21902985
1,33.5956760799,130.219030158
1,33.5956763668,130.219030469
1,33.5956765795,130.219030802
1,33.5956767142,130.21903125
1,33.5956767989,130.219031605
1,33.595676872,130.21903195
1,33.5956769398,130.21903228
1,33.5956769599,130.219032508
1,33.5956769275,130.219032728
1,33.5956768822,130.219032982
1,33.5956767856,130.219033311
1,33.5956766601,130.219033754
1,33.5956764968,130.219034144
1,33.5956763651,130.219034701
1,33.5956762414,130.219035308
1,33.5956761742,130.219035903
1,33.5956761912,130.219036356
1,33.595676232,130.2190369
1,33.5956762863,130.219037451
1,33.5956763482,130.219037941
1,33.5956763993,130.219038425
1,33.5956764815,130.219038849
1,33.5956765791,130.219039273
1,33.5956766811,130.219039685
1,33.5956768022,130.219040036
1,33.5956769069,130.21904008
1,33.5956770207,130.219039909
1,33.5956771302,130.219039744
1,33.5956772359,130.219039672
1,33.595677331,130.21903955
1,33.5956774477,130.219039476
1,33.5956775949,130.219039672
1,33.5956777899,130.21904002
1,33.5956780743,130.219040561
1,33.5956783983,130.219041028
1,33.5956787575,130.219041189
1,33.5956791309,130.219041399
1,33.5956796114,130.219042249
1,33.5956800657,130.219042618
1,33.595680513,130.219042913
1,33.595681015,130.219043636
1,33.5956815286,130.219043605
1,33.5956818962,130.219044176
1,33.5956822066,130.219044614
1,33.5956825455,130.2190448
1,33.5956829312,130.219044502
1,33.5956834884,130.219044763
1,33.5956840843,130.219045107
1,33.5956846581,130.219045103
1,33.5956851665,130.219045393
1,33.5956858212,130.219045714
1,33.5956864443,130.219046253
1,33.5956870181,130.219046911
1,33.5956877733,130.219047954
1,33.5956883852,130.219048557
1,33.595689029,130.219049307
1,33.5956895957,130.219050173
1,33.5956900405,130.219050603
1,33.5956905794,130.219051496
1,33.5956911474,130.219052168
1,33.5956918403,130.219052877
1,33.5956923975,130.219053195
1,33.5956929657,130.219053882
1,33.5956935552,130.219054295
1,33.5956941028,130.219054981
1,33.595694686,130.219055456
1,33.5956953968,130.219056454
1,33.5956961191,130.219057382
1,33.59569687,130.219058147
1,33.5956976123,130.219059044
1,33.5956981545,130.219059437
1,33.5956986635,130.219060007
1,33.5956992587,130.219060703
1,33.5956997747,130.219061423
1,33.59570042,130.219062033
1,33.5957011213,130.219062599
1,33.5957016792,130.21906332
1,33.5957022833,130.219063988
1,33.5957029229,130.219064646
1,33.5957035179,130.219065317
1,33.5957041128,130.219065983
1,33.5957047856,130.219066685
1,33.5957053413,130.21906731
1,33.5957057251,130.219067846
1,33.5957062714,130.219068522
1,33.5957067692,130.21906917
1,33.595707218,130.219069806
1,33.5957078592,130.219070477
1,33.5957083954,130.219071123
1,33.5957089474,130.219071767
1,33.5957093936,130.219072413
1,33.5957099491,130.219073051
1,33.5957105232,130.219073689
1,33.5957111278,130.21907433
1,33.5957116931,130.219074969
1,33.5957121978,130.2190756
1,33.5957128309,130.219076245
1,33.595713266,130.219076858
1,33.5957136743,130.219077468
1,33.5957142212,130.219078106
1,33.5957150111,130.21907878
1,33.5957158462,130.219079447
1,33.595716355,130.219080051
1,33.5957169678,130.219080676
1,33.595717443,130.21908128
1,33.5957180519,130.219081908
1,33.5957185873,130.219082522
1,33.5957191686,130.219083145
1,33.595719693,130.219083757
1,33.5957201059,130.21908435
1,33.5957205985,130.219084963
1,33.5957211104,130.219085579
1,33.5957215667,130.219086182
1,33.5957220581,130.219086793
1,33.5957226003,130.219087413
1,33.5957231051,130.21908802
1,33.5957235356,130.219088607
1,33.5957239197,130.219089186
1,33.5957242931,130.219089768
1,33.5957246346,130.219090346
1,33.5957250629,130.219090952
1,33.5957253601,130.219091518
1,33.5957255887,130.219092073
1,33.5957257867,130.21909263
1,33.5957260811,130.219093226
1,33.5957264757,130.219093849
1,33.5957269572,130.219094485
1,33.5957273765,130.219095078
1,33.5957276781,130.219095621
1,33.5957279912,130.219096174
1,33.5957283417,130.219096745
1,33.5957286335,130.219097293
1,33.5957288648,130.219097823
1,33.5957291248,130.219098379
1,33.5957293695,130.219098933
1,33.5957296937,130.219099526
1,33.5957300726,130.219100133
1,33.5957303666,130.219100682
1,33.5957306886,130.219101246
1,33.5957311597,130.219101876
1,33.595731637,130.219102478
1,33.595732153,130.219103074
1,33.5957326143,130.219103615
1,33.595733052,130.219104137
1,33.5957335891,130.219104719
1,33.5957339037,130.219105153
-1,33.5957343518,130.219105708
-1,33.5958887975,130.218947692
-1,33.5958872438,130.218949906
-1,33.5958893439,130.218948603
-1,33.5958878449,130.218950709
-1,33.5958884168,130.218951318
0,33.5957428364,130.219044427
0,33.5957428908,130.219045586
0,33.5957433534,130.219046527
0,33.5957434624,130.219047407
0,33.5957436107,130.219048338
1,33.5957448433,130.219049256
1,33.5957451566,130.219050011
1,33.5957454214,130.21905082
1,33.5957456482,130.219051653
1,33.595745717,130.219052524
1,33.5957458735,130.21905336
1,33.5957462284,130.219054199
1,33.5957466628,130.219055066
1,33.5957472494,130.21905596
1,33.5957477557,130.219056844
1,33.5957482211,130.219057717
1,33.5957486447,130.219058582
1,33.5957489359,130.219059429
1,33.5957490782,130.219060263
1,33.595749289,130.219061115
1,33.5957495392,130.219061976
1,33.5957498391,130.219062845
-1,33.5957500532,130.219063703
0,33.5957496932,130.219058104
-1,33.5957498313,130.219058684
-1,33.595908927,130.218958772
-1,33.5959092839,130.21895983
-1,33.5959102781,130.218959864
-1,33.5959097842,130.218960087
-1,33.5959108667,130.218958141
-1,33.5959160812,130.218955823
-1,33.5959142839,130.218957348
-1,33.5959124706,130.218958379
-1,33.5959112171,130.218960851
-1,33.5959061368,130.218966637
-1,33.5959042803,130.218969014
-1,33.5959111122,130.218963133
-1,33.5959103411,130.218963718
-1,33.5959087706,130.218967384
-1,33.5959076267,130.218969921
-1,33.595903452,130.218973217
-1,33.5959021064,130.218973543
-1,33.5959020618,130.218976629
-1,33.5959020998,130.218976632
-1,33.5959024855,130.218975501
-1,33.5959053614,130.218973593
-1,33.595905126,130.218975196
-1,33.5959063543,130.218975717
-1,33.5959036688,130.21897862
-1,33.5959052392,130.218977599
-1,33.5959056071,130.218978042
-1,33.5959063505,130.218978197
-1,33.5959031432,130.218981252
-1,33.5959039335,130.218981984
-1,33.5959040961,130.218982579
-1,33.5959065632,130.2189801
-1,33.5959096133,130.218977938
-1,33.5959112168,130.218978616
-1,33.5959126862,130.21897789
-1,33.5959166295,130.218975678
0,33.5957153039,130.218924881
0,33.5957171268,130.218926041
0,33.5957311028,130.218928378
-1,33.5957315049,130.218929418
-1,33.595916882,130.218979164
-1,33.5959167083,130.218981604
-1,33.5959206914,130.218978853
-1,33.5959166835,130.218983582
-1,33.5959153697,130.218984897
-1,33.5959118271,130.218988306
-1,33.5959134676,130.218987588
-1,33.5959088104,130.218990795
-1,33.5959098583,130.218991576
-1,33.5959096482,130.218991465
-1,33.5959124399,130.218989438
-1,33.5959124493,130.218991823
-1,33.595911031,130.218992079
-1,33.5959088033,130.218994903
-1,33.5959070704,130.218997662
-1,33.5959059712,130.218999453
-1,33.5959106696,130.218996616
-1,33.5959148319,130.218995464
-1,33.5959113315,130.218999078
-1,33.5959127377,130.218999172
-1,33.5959167018,130.218997539
-1,33.5959133515,130.219001405
-1,33.5959110037,130.21900289
-1,33.5959133197,130.219001926
-1,33.59591404,130.219002889
-1,33.5959167987,130.219003233
-1,33.5959155089,130.219005979
-1,33.5959150306,130.219006929
-1,33.5959160215,130.219008541
-1,33.5959194381,130.219004918
-1,33.5959157831,130.219010043
-1,33.5959164306,130.219012331
-1,33.5959174741,130.219013202
-1,33.595918374,130.219011444
-1,33.5959197075,130.219013144
-1,33.5959212815,130.219011914
-1,33.5959207425,130.219013854
-1,33.5959217221,130.219013208
-1,33.5959256123,130.219011936
-1,33.5959260658,130.219013136
-1,33.59592617,130.219013405
-1,33.595925975,130.219014476
-1,33.595930271,130.219011827
-1,33.5959296099,130.219012781
-1,33.5959292716,130.219014308
-1,33.5959310202,130.219015233
-1,33.5959278991,130.219018877
-1,33.5959319921,130.21901606
-1,33.5959317404,130.21901542
-1,33.5959283918,130.219019446
-1,33.5959283207,130.219020173
-1,33.5959265439,130.219023191
-1,33.5959295745,130.219022167
-1,33.5959279852,130.21902249
-1,33.5959289935,130.219022236
-1,33.5959259418,130.219025908
-1,33.5959251782,130.219027545
-1,33.5959258741,130.219028289
-1,33.5959255316,130.219030651
-1,33.5959281107,130.219027975
-1,33.5959297638,130.219026635
-1,33.5959304403,130.219026697
-1,33.5959295247,130.21902846
-1,33.5959292471,130.219029553
-1,33.5959295695,130.219030001
-1,33.5959324217,130.219028387
-1,33.5959328579,130.219029745
-1,33.5959346486,130.21902983
-1,33.5959342172,130.219031818
-1,33.5959339994,130.219031056
-1,33.595935515,130.219030178
-1,33.5959368038,130.21902972
-1,33.5959368518,130.21903065
-1,33.5959365972,130.219031775
-1,33.5959356513,130.219033506
-1,33.5959362427,130.219033814
-1,33.5959364609,130.219034154
-1,33.5959372082,130.219035114
-1,33.5959377068,130.219035085
-1,33.595938161,130.219036475
-1,33.5959391109,130.219037781
-1,33.5959375497,130.219039974
-1,33.5959364987,130.219041891
-1,33.5959385619,130.219042167
-1,33.5959406161,130.219042514
-1,33.5959388739,130.21904547
-1,33.5959378246,130.219046391
-1,33.5959387326,130.219046614
-1,33.5959368982,130.219048615
-1,33.5959380059,130.219048341
-1,33.5959351186,130.219052244
-1,33.5959346415,130.219054023
-1,33.5959366514,130.21905357
-1,33.595934487,130.21905804
-1,33.595933543,130.219058527
-1,33.5959342742,130.219059598
-1,33.5959326022,130.21906167
-1,33.595930839,130.219063703
-1,33.5959285428,130.21906721
-1,33.5959287304,130.219067734
-1,33.5959272822,130.219072118
-1,33.5959255175,130.219073774
-1,33.5959239759,130.219075043
-1,33.5959258641,130.219075383
-1,33.5959249372,130.219076675
-1,33.5959250302,130.219077954
-1,33.5959254118,130.21907911
-1,33.5959241864,130.219080806
-1,33.5959252495,130.219080733
-1,33.5959236008,130.219082141
-1,33.5959274607,130.219081254
-1,33.5959324018,130.219077628
-1,33.5959312806,130.219077453
-1,33.5959310952,130.219078984
-1,33.595933841,130.219078253
-1,33.5959334021,130.219079332
-1,33.5959301427,130.219083855
-1,33.5959318133,130.219082569
-1,33.595930969,130.219084691
-1,33.5959302203,130.219086315
-1,33.5959323475,130.219085176
-1,33.5959307796,130.219088103
-1,33.595927812,130.219091305
-1,33.5959317006,130.219089874
-1,33.5959281923,130.219092783
-1,33.5959288519,130.219091547
-1,33.5959269282,130.219094815
-1,33.5959294279,130.219094352
-1,33.5959297174,130.219095138
-1,33.5959292042,130.219096639
-1,33.5959303299,130.219096921
-1,33.5959340969,130.219095965
-1,33.5959349736,130.219094662
-1,33.595936163,130.219094704
-1,33.5959347314,130.219097425
-1,33.595937159,130.219097428
-1,33.5959379581,130.219097792
-1,33.5959397714,130.219096956
-1,33.5959404394,130.219098592
-1,33.5959440658,130.219097533
-1,33.59594685,130.219097298
-1,33.5959489176,130.219095475
-1,33.5959472711,130.219096643
-1,33.5959503577,130.219094208
-1,33.5959496584,130.21909559
-1,33.5959497811,130.219096284
-1,33.5959499072,130.219097772
-1,33.5959484391,130.21909853
-1,33.5959508708,130.21909706
-1,33.5959492577,130.219100912
-1,33.5959497752,130.219099366
-1,33.595945557,130.21910274
-1,33.595943422,130.219105635
-1,33.5959502808,130.219102611
-1,33.595951559,130.219100789
-1,33.5959554291,130.219097862
-1,33.5959580461,130.219099634
-1,33.5959575077,130.219101035
-1,33.5959681933,130.21909391
-1,33.595970315,130.219092441
-1,33.5959685425,130.219094944
-1,33.5959678349,130.219096267
-1,33.5959684618,130.219096322
-1,33.5959696951,130.219096123
-1,33.5959706316,130.219096544
-1,33.5959687023,130.219100131
-1,33.5959693841,130.219099269
-1,33.5959697991,130.219099863
-1,33.5959668384,130.219103054
-1,33.5959730719,130.21909877
-1,33.5959737086,130.219099654
-1,33.595974074,130.219100482
-1,33.5959755432,130.219099571
-1,33.5959766607,130.219099396
-1,33.5959759891,130.219102278
-1,33.5959782582,130.219101452
-1,33.5959794312,130.21910262
-1,33.5959806284,130.21910324
-1,33.5959805749,130.219105266
-1,33.5959840743,130.219104001
-1,33.5959850169,130.219103265
-1,33.5959875023,130.219102299
-1,33.5959868778,130.219103709
-1,33.5959866624,130.219104493
-1,33.5959836987,130.219109448
-1,33.595981389,130.21911249
-1,33.5959837413,130.219112726
-1,33.5959839532,130.219111123
-1,33.5959858278,130.219113098
-1,33.595986466,130.219113805
-1,33.5959866235,130.219115033
-1,33.5959885246,130.2191137
-1,33.5959873067,130.219113567
-1,33.5959887605,130.219114263
-1,33.5959912055,130.219113014
-1,33.5959923397,130.219112873
-1,33.5959902053,130.219117736
-1,33.5959952049,130.219113652
-1,33.595992883,130.219117383
-1,33.5959922882,130.219120343
-1,33.5959937154,130.219118084
-1,33.5959935996,130.219120935
-1,33.5959909961,130.219126063
-1,33.5959911349,130.21912581
-1,33.5959880584,130.219128325
-1,33.5959865479,130.219130329
-1,33.5959912197,130.219127853
-1,33.5959914481,130.21913
-1,33.5959912579,130.219130085
-1,33.5959934563,130.219132773
-1,33.5959940861,130.219131555
-1,33.5959957536,130.219129118
-1,33.5959990196,130.219130812
-1,33.5959967756,130.219133496
-1,33.5959956227,130.219135663
-1,33.5959961871,130.219135871
-1,33.5959968291,130.219136247
-1,33.5959976944,130.219134621
-1,33.5959995434,130.21913381
-1,33.5959961176,130.21913725
-1,33.5959966485,130.219137056
-1,33.5959960307,130.219137416
-1,33.595995435,130.219141184
-1,33.5959959469,130.21913961
-1,33.5959938425,130.219142464
-1,33.5959930127,130.219143011
-1,33.59599565,130.219145932
-1,33.5959960512,130.219143698
-1,33.5959925756,130.219147261
-1,33.5959933976,130.219146771
-1,33.5959947939,130.219147489
-1,33.5959962904,130.21914699
-1,33.5959956626,130.219147999
-1,33.5959988517,130.219147976
-1,33.5960013468,130.219147103
-1,33.5960004951,130.219149198
-1,33.596003621,130.219147695
-1,33.5960045277,130.219148292
-1,33.5960047992,130.219148597
-1,33.596005993,130.219149658
-1,33.5960071204,130.21914832
-1,33.5960076333,130.219149001
-1,33.5960041431,130.219152387
-1,33.596005997,130.219151363
-1,33.5960042614,130.219153329
-1,33.5960057437,130.219153056
-1,33.596008551,130.219151983
-1,33.5960073895,130.219155235
-1,33.59601046,130.219152664
-1,33.5960132179,130.219152843
-1,33.5960114585,130.219155031
-1,33.5960132078,130.219153225
-1,33.5960149868,130.219155195
-1,33.5960150158,130.219155677
-1,33.5960115159,130.219157776
-1,33.5960128695,130.219157769
-1,33.5960154234,130.219155184
-1,33.5960180298,130.219155225
-1,33.596017998,130.219155113
-1,33.5960158839,130.21915692
-1,33.5960184953,130.219155102
-1,33.5960206308,130.219155795
-1,33.5960164105,130.219157621
-1,33.5960163697,130.219156919
-1,33.5960193,130.219156532
-1,33.5960202991,130.219156676
-1,33.5960181344,130.219158102
-1,33.5960164953,130.21916109
-1,33.5960223293,130.219155739
-1,33.5960199179,130.21915953
-1,33.5960244218,130.219157271
-1,33.5960253393,130.219157746
-1,33.5960287494,130.219153335
-1,33.5960278989,130.219157612
-1,33.5960299431,130.219154453
-1,33.5960286022,130.219157582
-1,33.596032341,130.219153963
-1,33.5960321064,130.219155943
-1,33.5960381518,130.219154226
-1,33.5960396214,130.219153485
-1,33.5960380929,130.219156112
-1,33.5960375984,130.219157367
-1,33.596035963,130.219156155
-1,33.596037806,130.21915639
-1,33.5960370273,130.219157998
-1,33.5960372142,130.21915622
-1,33.596036642,130.219160545
-1,33.5960403254,130.219158258
-1,33.5960390799,130.219159844
-1,33.5960389337,130.219160176
-1,33.5960381971,130.219160563
-1,33.5960398596,130.219163649
-1,33.59604093,130.219161933
-1,33.5960407705,130.219163506
-1,33.5960401096,130.21916501
-1,33.5960456845,130.219160894
-1,33.596043386,130.219162482
-1,33.5960434508,130.219165307
-1,33.5960470835,130.219161132
-1,33.5960441188,130.21916529
-1,33.5960424888,130.219166637
-1,33.5960426605,130.21916691
-1,33.5960441475,130.21916674
-1,33.5960425906,130.219168513
-1,33.5960397684,130.219170981
-1,33.5960424452,130.219169846
-1,33.5960448187,130.219168169
-1,33.5960437554,130.219170838
-1,33.5960432663,130.219171154
-1,33.5960480187,130.219168211
-1,33.5960468138,130.219172338
-1,33.5960517866,130.219169997
-1,33.5960529373,130.219169975
-1,33.5960524903,130.219171921
-1,33.5960493537,130.219173735
-1,33.5960481299,130.219175987
-1,33.5960517699,130.21917586
-1,33.5960531274,130.219175292
-1,33.596055763,130.219173278
-1,33.5960563728,130.219172834
-1,33.5960617075,130.21917008
-1,33.5960625742,130.219170168
-1,33.5960598734,130.219172102
-1,33.5960610698,130.219172321
-1,33.5960590814,130.219174854
-1,33.5960604607,130.219177605
-1,33.5960611435,130.219175654
-1,33.596060535,130.219175859
-1,33.5960569521,130.219181312
-1,33.59605837,130.219180636
-1,33.5960582125,130.219182695
-1,33.596057442,130.21918351
-1,33.5960559016,130.219185847
-1,33.5960568954,130.219184583
-1,33.5960562427,130.219186725
-1,33.596059154,130.219186104
-1,33.5960589241,130.219188604
-1,33.5960573452,130.219191365
-1,33.5960568085,130.21919099
-1,33.5960590035,130.219189779
-1,33.5960581769,130.219192566
-1,33.596058782,130.219193073
-1,33.5960557826,130.219197921
-1,33.5960586535,130.219196318
-1,33.5960556696,130.219197472
-1,33.5960559836,130.219199616
-1,33.5960558625,130.219199666
-1,33.5960553492,130.219200751
-1,33.596054816,130.219202302
-1,33.5960560298,130.219202567
0,33.5959308366,130.219255556
0,33.5959312766,130.219256644
0,33.5959319721,130.219257092
0,33.5959323391,130.219257835
0,33.5959333031,130.219258636
1,33.5959378206,130.219259617
1,33.5959379308,130.219260278
1,33.5959381363,130.219260883
1,33.5959382705,130.219261542
1,33.5959384238,130.219262207
1,33.5959386388,130.21926288
1,33.5959388776,130.219263573
1,33.5959390849,130.219264277
1,33.5959392422,130.219264977
1,33.5959393206,130.219265667
1,33.5959393282,130.219266347
1,33.5959394315,130.219267047
1,33.595939603,130.219267757
1,33.5959401093,130.219268514
1,33.5959403797,130.219269224
1,33.59594034,130.219269893
1,33.5959401756,130.219270553
1,33.5959401634,130.21927124
1,33.595940441,130.219271968
1,33.5959407673,130.219272698
1,33.595941035,130.219273415
1,33.5959411935,130.219274112
1,33.5959413085,130.219274802
1,33.5959414756,130.219275503
1,33.5959416294,130.219276202
1,33.5959417804,130.219276902
1,33.5959418475,130.219277586
1,33.5959418481,130.219278261
1,33.5959418185,130.219278937
1,33.5959417732,130.219279618
1,33.5959417337,130.219280306
1,33.5959417262,130.219281007
1,33.5959417629,130.21928172
1,33.5959417725,130.219282422
1,33.5959417426,130.21928311
1,33.5959417113,130.2192838
1,33.5959417401,130.219284509
1,33.5959417682,130.219285213
1,33.5959418651,130.219285936
1,33.5959419201,130.219286633
1,33.5959418204,130.219287271
1,33.5959414787,130.219287836
1,33.5959410663,130.219288418
1,33.5959407403,130.21928908
1,33.5959404306,130.219289769
1,33.5959401505,130.21929048
1,33.5959398906,130.219291199
1,33.5959395429,130.219291869
1,33.5959390894,130.219292494
1,33.5959387734,130.219293212
1,33.5959385705,130.219293979
1,33.5959383713,130.219294715
1,33.5959382082,130.219295444
1,33.5959379842,130.219296109
1,33.5959376425,130.219296696
1,33.5959374393,130.219297397
1,33.5959372999,130.219298127
1,33.5959345928,130.219304295
1,33.5959344272,130.219304773
1,33.5959342879,130.219305155
1,33.5959341805,130.219305529
1,33.595934164,130.219305881
1,33.5959341285,130.219306257
1,33.5959341659,130.21930662
1,33.5959341684,130.219307013
1,33.595934112,130.219307418
1,33.5959341372,130.219307795
1,33.5959342038,130.219308172
1,33.5959342969,130.219308552
1,33.5959344657,130.219308939
1,33.5959346124,130.219309326
1,33.5959347376,130.219309709
1,33.5959347608,130.219310076
1,33.595934741,130.21931044
1,33.5959347529,130.219310812
1,33.5959349284,130.219311209
1,33.5959350379,130.219311593
1,33.5959350923,130.21931197
1,33.5959350745,130.219312338
1,33.5959349504,130.219312695
1,33.595934976,130.219313074
1,33.5959349513,130.219313446
1,33.5959348842,130.219313813
1,33.5959348907,130.219314193
1,33.5959349707,130.219314584
1,33.5959350879,130.219314977
1,33.5959351958,130.219315365
1,33.5959353696,130.219315762
1,33.5959356149,130.219316167
1,33.5959358774,130.219316569
1,33.5959360967,130.219316954
1,33.5959362164,130.219317316
1,33.5959362227,130.219317656
1,33.5959362636,130.219318017
1,33.5959363424,130.219318395
1,33.5959364862,130.219318793
1,33.5959366422,130.219319191
1,33.5959367516,130.219319572
1,33.5959368908,130.219319963
1,33.5959371688,130.219320394
1,33.595937528,130.219320835
1,33.5959377791,130.21932122
1,33.5959379502,130.219321573
1,33.5959380046,130.219321892
1,33.5959379902,130.219322207
1,33.5959379375,130.219322533
1,33.5959379152,130.219322897
1,33.5959380359,130.219323336
1,33.5959381778,130.21932377
1,33.5959382841,130.219324173
1,33.5959384759,130.219324608
1,33.5959387044,130.219325039
1,33.595938871,130.219325416
1,33.5959390184,130.219325778
1,33.5959391423,130.21932613
1,33.5959392841,130.219326499
1,33.5959394543,130.219326889
1,33.5959396723,130.219327304
1,33.5959397977,130.219327647
1,33.5959398385,130.219327948
1,33.5959400372,130.219334757
1,33.5959400905,130.219335696
1,33.5959400365,130.219336564
1,33.5959400886,130.219337534
1,33.5959401088,130.21933849
1,33.595940383,130.219339375
1,33.5959409133,130.219340252
1,33.5959412559,130.219341277
1,33.5959414293,130.219342338
1,33.5959414318,130.219343384
1,33.5959414783,130.219344372
1,33.5959414833,130.219345338
1,33.5959415217,130.219346293
1,33.5959415483,130.219347247
1,33.5959416005,130.219348205
1,33.5959415979,130.219349156
1,33.5959416721,130.219350121
1,33.5959417929,130.21935109
1,33.5959418713,130.21935205
1,33.5959420225,130.219353019
1,33.595942388,130.219354013
1,33.5959426565,130.219354989
1,33.595942888,130.219355957
1,33.5959430384,130.219356915
1,33.595943119,130.219357863
1,33.5959431792,130.219358811
1,33.595943276,130.219359767
1,33.5959432842,130.219360711
1,33.5959434114,130.219361679
1,33.5959435629,130.219362651
1,33.5959437036,130.219363619
1,33.59594387,130.21936459
1,33.595944021,130.219365555
1,33.5959440905,130.219366502
1,33.5959441308,130.219367445
1,33.5959442804,130.219368419
1,33.5959445103,130.219369408
1,33.5959445196,130.219370334
1,33.595944502,130.219371262
1,33.595944466,130.219372194
1,33.5959444932,130.219373154
1,33.5959446191,130.219374144
1,33.5959447909,130.219375139
1,33.5959449318,130.219376112
1,33.5959450709,130.219377077
1,33.5959451347,130.219378012
1,33.595945187,130.219378948
1,33.5959452438,130.219379892
1,33.5959454289,130.219380892
1,33.5959456256,130.219381882
1,33.5959456689,130.219382795
1,33.5959456742,130.219383705
1,33.5959456798,130.219384632
1,33.595945688,130.219385574
1,33.5959458465,130.2193866
1,33.5959460506,130.219387626
1,33.595946243,130.21938862
1,33.5959464361,130.219389596
1,33.5959466786,130.219390588
1,33.5959466009,130.219391371
1,33.5959465644,130.219392242
1,33.5959466128,130.219393204
1,33.5959467087,130.219394205
1,33.5959481053,130.219378672
1,33.595948029,130.219379069
1,33.5959481163,130.21937998
1,33.5959482474,130.219380779
1,33.5959483779,130.219381559
1,33.5959486758,130.219382304
1,33.5959488949,130.219383122
1,33.5959489503,130.219383983
1,33.5959490372,130.219384795
1,33.5959492351,130.219385573
1,33.5959495002,130.219386352
1,33.5959497494,130.219387142
1,33.5959498919,130.219387929
1,33.5959498556,130.219388694
1,33.5959498495,130.219389459
1,33.5959497938,130.21939022
1,33.5959497119,130.219390981
1,33.5959499496,130.219391792
1,33.5959502046,130.219392597
1,33.5959503611,130.219393383
1,33.5959505785,130.219394175
1,33.5959507213,130.219394955
1,33.5959508714,130.219395737
1,33.5959511145,130.219396531
1,33.5959512357,130.219397306
1,33.595951212,130.219398061
1,33.5959511951,130.219398821
1,33.5959510983,130.219399573
1,33.5959510444,130.219400338
1,33.5959510395,130.219401115
1,33.5959511749,130.219401919
1,33.5959512878,130.219402712
1,33.5959513955,130.219403499
1,33.5959515529,130.219404293
1,33.595951527,130.21940504
1,33.5959516206,130.219405821
1,33.5959518595,130.219406636
1,33.5959519138,130.219407393
1,33.5959519875,130.21940816
1,33.5959519644,130.219408902
1,33.5959519113,130.219409647
1,33.595951943,130.219410427
1,33.5959520977,130.219411246
1,33.5959522765,130.219412061
1,33.5959524675,130.219412866
1,33.5959525913,130.219413637
1,33.5959526285,130.219414375
1,33.5959527251,130.219415147
1,33.5959528389,130.219415928
1,33.5959530544,130.219416749
1,33.5959532554,130.219417549
1,33.5959533679,130.219418301
1,33.595953416,130.21941903
1,33.5959534586,130.219419774
1,33.5959536151,130.219420589
1,33.5959537377,130.219421377
1,33.5959538022,130.219422132
1,33.5959538679,130.219422897
1,33.5959539973,130.219423706
1,33.5959542113,130.219424555
1,33.5959545312,130.219425442
1,33.5959547205,130.219426199
1,33.5959549054,130.219426953
1,33.5959551941,130.21942487
1,33.5959551365,130.219425891
1,33.5959551494,130.219427069
1,33.5959552972,130.219428228
1,33.5959554281,130.219429356
1,33.5959555784,130.219430493
1,33.5959556356,130.219431669
1,33.5959558001,130.219432794
1,33.5959561278,130.219433895
1,33.5959562956,130.219435053
1,33.5959564247,130.219436205
1,33.5959564415,130.219437345
1,33.595956456,130.21943847
1,33.5959565117,130.219439594
1,33.5959565185,130.219440713
1,33.5959565646,130.219441839
1,33.5959565978,130.219442963
1,33.5959566149,130.219444085
1,33.5959566806,130.219445215
1,33.5959568243,130.219446353
1,33.5959570735,130.219447502
1,33.5959572318,130.219448636
1,33.5959573812,130.219449767
1,33.5959575426,130.2194509
1,33.5959576623,130.219452025
1,33.5959577565,130.219453148
1,33.5959578701,130.219454275
1,33.5959580027,130.219455406
1,33.5959580594,130.219456523
1,33.5959580815,130.219457637
1,33.5959580838,130.219458751
1,33.5959582172,130.219459894
1,33.5959583411,130.219461032
1,33.595958581,130.219462193
1,33.5959587488,130.219463328
1,33.5959589449,130.219464468
1,33.59595914,130.219465603
1,33.595959174,130.219466695
1,33.5959592618,130.219467811
1,33.5959592678,130.219468909
1,33.5959592218,130.219470002
1,33.5959592581,130.219471132
1,33.5959593299,130.219472275
1,33.5959593584,130.219473401
1,33.5959594156,130.219474537
1,33.5959595868,130.21947571
1,33.595959772,130.219476872
1,33.5959600464,130.219478053
1,33.5959601462,130.219479143
1,33.595960245,130.21948024
1,33.5959604158,130.219481376
1,33.5959605918,130.21948251
1,33.5959606221,130.219483573
1,33.5959606661,130.219484666
1,33.5959607247,130.219485782
1,33.5959607992,130.219486914
1,33.5959608467,130.219488034
1,33.5959608848,130.219489155
1,33.5959609868,130.219490318
1,33.5959612016,130.219491537
1,33.5959613483,130.219492678
1,33.595961368,130.219493728
1,33.5959614226,130.219494826
1,33.5959619849,130.219484463
1,33.5959620125,130.219485559
1,33.5959621837,130.219486974
1,33.5959621659,130.219488235
1,33.5959621222,130.219489535
1,33.5959621655,130.219490795
1,33.5959622302,130.219492059
1,33.5959622728,130.219493344
1,33.5959624564,130.219494602
1,33.5959626624,130.219495885
1,33.5959627006,130.219497198
1,33.5959628343,130.219498497
1,33.595962958,130.219499796
1,33.5959630646,130.219501092
1,33.5959631655,130.219502386
1,33.5959632834,130.219503683
1,33.5959632298,130.219504953
1,33.5959632565,130.219506242
1,33.5959632723,130.21950753
1,33.5959632816,130.219508818
1,33.595963451,130.219510129
1,33.5959447115,130.219834237
1,33.595945077,130.219833974
1,33.5959451594,130.219835429
1,33.5959452712,130.219836108
1,33.5959452809,130.21983801
1,33.5959453579,130.219839423
1,33.5959452433,130.219841656
1,33.5959451565,130.219843265
1,33.59594522,130.219844147
1,33.595945258,130.219844928
1,33.5959454045,130.219844957
1,33.5959455658,130.219845201
1,33.5959458057,130.219845086
1,33.595946099,130.219844794
1,33.5959465203,130.21984427
1,33.5959468799,130.219843607
1,33.5959471634,130.219842916
1,33.5959474437,130.219842407
1,33.5959476448,130.219841533
1,33.5959478508,130.219839077
1,33.5959479514,130.219839269
1,33.595947999,130.219839183
1,33.595948103,130.219839101
1,33.595948245,130.219838891
1,33.5959483023,130.219838664
1,33.5959485733,130.219838664
1,33.5959487742,130.219838889
1,33.5959488907,130.219839046
1,33.5959491365,130.219839013
1,33.5959492856,130.219838818
1,33.5959494305,130.219838643
1,33.5959494977,130.219838563
1,33.5959495547,130.219838436
1,33.5959496374,130.219838583
1,33.5959496863,130.219838577
1,33.5959497804,130.21983855
1,33.5959499785,130.219836941
1,33.5959501229,130.219836448
1,33.595950448,130.219835855
1,33.5959507714,130.219835188
1,33.595951034,130.219834442
1,33.5959513062,130.219833619
1,33.5959515154,130.219832711
1,33.5959516878,130.219831721
1,33.5959518052,130.219830647
1,33.5959518406,130.219829487
1,33.5959520392,130.219828281
1,33.5959522426,130.219826998
1,33.5959523866,130.219825628
1,33.5959525294,130.219824182
1,33.5959526981,130.219822663
1,33.5959529051,130.219821071
1,33.5959531053,130.219819401
1,33.595953324,130.219817656
1,33.5959535236,130.219815832
1,33.595953713,130.219813929
1,33.5959537855,130.219811933
1,33.5959538271,130.219809859
1,33.5959538494,130.219807709
1,33.5959538443,130.219805481
1,33.5959538683,130.219803185
1,33.5959539536,130.219800824
1,33.5959540153,130.21979838
1,33.5959541141,130.219795865
1,33.5959542015,130.21979327
1,33.595954317,130.219790602
1,33.5959544166,130.219787852
1,33.5959544701,130.219785015
1,33.5959544621,130.219782093
1,33.5959541413,130.219779037
1,33.5959538335,130.219775924
1,33.5959668198,130.219545515
1,33.5959662636,130.219545309
1,33.5959659057,130.219545385
1,33.5959655584,130.21954532
1,33.5959650235,130.21954527
1,33.5959647754,130.219545122
1,33.5959645691,130.219545016
1,33.5959643842,130.219544942
1,33.5959641235,130.219544905
1,33.5959637158,130.21954488
1,33.5959632633,130.219544828
1,33.59596282,130.219544753
1,33.5959622834,130.219544664
1,33.5959618423,130.219544579
1,33.5959613823,130.219544494
1,33.5959609231,130.21954441
1,33.5959604691,130.219544327
1,33.5959599816,130.219544238
1,33.5959595164,130.219544153
1,33.5959590708,130.219544071
1,33.5959586067,130.219543985
1,33.595958158,130.2195439
1,33.5959577747,130.219543824
1,33.5959574161,130.21954375
1,33.5959569381,130.219543657
1,33.5959564149,130.219543558
1,33.5959558581,130.219543456
1,33.5959553,130.219543357
1,33.5959548052,130.219543271
1,33.5959542463,130.219543173
1,33.5959536575,130.219543072
1,33.5959531318,130.219542986
1,33.5959527285,130.219542925
1,33.595952259,130.219542842
1,33.5959518042,130.21954276
1,33.59595135,130.219542675
1,33.5959508453,130.219542575
1,33.5959503422,130.219542478
1,33.5959498946,130.219542397
1,33.5959494873,130.219542326
1,33.595949097,130.219542253
1,33.5959487251,130.219542181
1,33.5959483084,130.219542089
1,33.5959478329,130.219541978
1,33.5959473544,130.219541873
1,33.5959469436,130.219541799
1,33.5959465576,130.219541731
1,33.5959461236,130.219541639
1,33.5959455978,130.219541512
1,33.5959450499,130.219541391
1,33.5959443463,130.219541217
1,33.5959437611,130.21954113
1,33.5959432821,130.219541099
1,33.5959427893,130.219541046
1,33.5959422483,130.219540957
1,33.5959417421,130.219540885
1,33.5959411305,130.219540749
1,33.5959405649,130.219540654
1,33.5959399262,130.219540518
1,33.5959393287,130.219540425
1,33.5959388071,130.219540381
1,33.5959381826,130.219540254
1,33.5959375296,130.219540121
1,33.5959371952,130.219527855
1,33.5959364819,130.219526279
1,33.5959359557,130.219525356
1,33.5959355343,130.219524315
1,33.5959349666,130.21952326
1,33.5959344759,130.219522182
1,33.5959338223,130.21952116
1,33.5959331497,130.219520104
1,33.5959324241,130.219519034
1,33.5959317006,130.219517942
1,33.5959309881,130.219516842
1,33.5959303909,130.219515742
1,33.595929737,130.219514652
1,33.5959290646,130.219513561
1,33.5959284184,130.219512475
1,33.5959276692,130.219511373
1,33.5959269129,130.219510273
1,33.595926307,130.219509197
1,33.5959255806,130.2195081
1,33.5959249811,130.219507021
1,33.595924301,130.21950593
1,33.5959237514,130.219504856
1,33.5959230787,130.219503763
1,33.5959225034,130.219502684
1,33.5959218425,130.219501592
1,33.5959211499,130.219500495
1,33.595920463,130.219499401
1,33.5959197725,130.219498307
1,33.5959190509,130.21949721
1,33.5959184627,130.219496139
1,33.5959177722,130.219495045
1,33.5959171873,130.219493973
1,33.5959165092,130.219492878
1,33.5959158621,130.219491791
1,33.5959152219,130.219490705
1,33.5959145031,130.2194896
1,33.5959139784,130.219488547
1,33.5959132559,130.219487435
1,33.5959126601,130.219486362
1,33.5959119653,130.219485258
1,33.5959111217,130.219484115
1,33.5959103479,130.219483011
1,33.5959096678,130.219481943
1,33.5959091412,130.219480921
1,33.5959085422,130.219479853
1,33.5959079007,130.219478761
1,33.5959072455,130.219477663
1,33.59590657,130.219476559
1,33.5959058388,130.219475437
1,33.5959052297,130.219474377
1,33.5959045704,130.219473287
1,33.5959039278,130.219472205
1,33.5959030935,130.219471032
1,33.5959023704,130.219469943
1,33.5959015971,130.219468833
1,33.5959008797,130.219467764
1,33.5959002245,130.219466725
1,33.595899537,130.21946565
1,33.5958988663,130.219464579
1,33.5958981066,130.219463446
1,33.5958974217,130.219462373
1,33.5958968639,130.219461375
1,33.5958962358,130.219460292
1,33.5958929233,130.21950119
1,33.5958922406,130.219500451
1,33.5958913065,130.219499661
1,33.5958905915,130.219499104
1,33.5958898631,130.21949851
1,33.5958892241,130.2194979
1,33.5958885245,130.219497338
1,33.5958878046,130.21949678
1,33.5958870813,130.219496213
1,33.5958863448,130.219495641
1,33.5958855569,130.219495065
1,33.5958848541,130.219494479
1,33.5958841583,130.219493896
1,33.5958834162,130.219493309
1,33.5958826949,130.219492725
1,33.5958819928,130.219492143
1,33.5958812437,130.219491554
1,33.5958805188,130.21949097
1,33.5958796903,130.21949037
1,33.5958788826,130.219489776
1,33.5958779803,130.21948917
1,33.5958771883,130.219488582
1,33.5958763846,130.219487992
1,33.5958757386,130.219487424
1,33.5958751663,130.219486863
1,33.5958746116,130.219486301
1,33.595874044,130.219485733
1,33.5958733453,130.219485138
1,33.5958726614,130.219484549
1,33.5958719166,130.219483949
1,33.5958711065,130.21948334
1,33.5958704418,130.219482768
1,33.595869694,130.219482176
1,33.5958689711,130.219481593
1,33.5958681765,130.219480994
1,33.5958673999,130.219480403
1,33.5958665809,130.219479804
1,33.5958658747,130.219479239
1,33.5958651166,130.219478654
1,33.595864341,130.219478064
1,33.59586349,130.219477452
1,33.5958627176,130.219476872
1,33.5958619447,130.219476289
1,33.5958611939,130.219475712
1,33.5958604688,130.21947514
1,33.5958596202,130.219474517
1,33.5958588744,130.219473942
1,33.5958579912,130.21947331
1,33.5958571664,130.219472715
1,33.5958564705,130.219472177
1,33.5958558035,130.219471634
1,33.5958551913,130.219471098
1,33.5958544833,130.219470495
1,33.5958537318,130.21946987
1,33.5958529943,130.219469262
1,33.5958522792,130.219468672
1,33.5958515281,130.219468063
1,33.595850702,130.219467421
1,33.5958498232,130.21946677
1,33.5958489108,130.219466129
1,33.5958480203,130.219465529
1,33.5958471857,130.219464979
1,33.5958464165,130.219464466
1,33.5958453985,130.219470129
1,33.595844579,130.219469715
1,33.5958437035,130.219469442
1,33.595842921,130.219469229
1,33.595842226,130.219468984
1,33.595841566,130.21946875
1,33.5958408613,130.219468554
1,33.595840032,130.219468388
1,33.5958391589,130.219468199
1,33.5958382258,130.21946799
1,33.5958375046,130.219467743
1,33.5958366669,130.219467512
1,33.5958358657,130.219467282
1,33.5958350414,130.21946705
1,33.5958342315,130.219466821
1,33.5958333684,130.219466584
1,33.595832488,130.219466346
1,33.5958317021,130.219466123
1,33.5958309482,130.219465903
1,33.5958301865,130.21946568
1,33.5958293757,130.219465448
1,33.5958285707,130.219465218
1,33.59582793,130.21946501
1,33.5958271168,130.219464775
1,33.5958262521,130.219464534
1,33.5958253926,130.219464295
1,33.5958246287,130.219464073
1,33.5958238404,130.219463847
1,33.5958229809,130.219463607
1,33.5958221544,130.219463376
1,33.5958211836,130.219463116
1,33.5958203952,130.219462901
1,33.5958195729,130.219462676
1,33.5958187925,130.219462458
1,33.5958180468,130.219462245
1,33.5958172999,130.219462026
1,33.5958164476,130.219461777
1,33.5958155542,130.219461522
1,33.5958146896,130.219461282
1,33.5958138254,130.219461045
1,33.595813068,130.219460841
1,33.5958122371,130.219460608
1,33.5958112699,130.219460332
1,33.5958103331,130.219460079
1,33.5958095778,130.219459897
1,33.5958087406,130.219459671
1,33.5958079808,130.219459471
1,33.595807099,130.219459212
1,33.5958062249,130.219458963
1,33.595805362,130.219458724
1,33.5958045659,130.219458517
1,33.5958039195,130.219458368
1,33.5958032744,130.219458189
1,33.5958026847,130.219458014
1,33.5958019659,130.219457747
1,33.5958012641,130.219457495
1,33.5958004888,130.219457207
1,33.595799769,130.219456971
1,33.5957990121,130.219456719
1,33.5957982079,130.21945645
1,33.5957974133,130.219456208
1,33.595796634,130.219455988
1,33.5957958591,130.219455775
1,33.5957949193,130.219456368
1,33.5957944015,130.219456228
1,33.5957937825,130.219455604
1,33.595793108,130.219455048
1,33.5957923211,130.219454527
1,33.5957913785,130.21945402
1,33.5957904861,130.219453439
1,33.5957896249,130.219452837
1,33.5957888221,130.219452232
1,33.5957880716,130.219451641
1,33.5957874477,130.219451064
1,33.595786809,130.219450516
1,33.5957861525,130.219449977
1,33.5957853915,130.21944943
1,33.59578464,130.219448881
1,33.5957839906,130.219448348
1,33.5957833182,130.219447809
1,33.5957826101,130.219447264
1,33.5957819173,130.219446723
1,33.5957811635,130.219446173
1,33.5957804371,130.219445628
1,33.5957796284,130.219445073
1,33.5957789325,130.219444536
1,33.5957781636,130.219443987
1,33.5957773387,130.219443432
1,33.5957765951,130.21944289
1,33.5957757056,130.219442325
1,33.595774991,130.219441793
1,33.5957743015,130.219441263
1,33.5957735722,130.219440722
1,33.5957728299,130.219440178
1,33.5957720282,130.219439621
1,33.5957712858,130.219439079
1,33.5957706529,130.21943856
1,33.5957699545,130.21943802
1,33.5957692456,130.219437476
1,33.5957684766,130.219436917
1,33.5957677117,130.219436363
1,33.5957668638,130.219435789
1,33.595766035,130.21943523
1,33.5957653458,130.219434718
1,33.5957646889,130.219434208
1,33.595764063,130.219433698
1,33.5957634034,130.219433165
1,33.5957626159,130.219432582
1,33.5957617725,130.219431991
1,33.595760982,130.219431436
1,33.5957601314,130.219430863
1,33.5957593073,130.219430313
1,33.59575847,130.219429763
1,33.5957576269,130.219429215
1,33.5957566927,130.219428629
1,33.5957559183,130.219428135
1,33.5957552443,130.219427673
1,33.5957545514,130.219427172
1,33.5957538467,130.219426643
1,33.5957531211,130.21942609
1,33.5957524287,130.219425552
1,33.5957517988,130.219425042
1,33.5957512326,130.219424553
1,33.5957506877,130.219424049
1,33.5957501272,130.219423512
1,33.5957495225,130.219422935
1,33.5957473545,130.219442531
1,33.5957467133,130.219442153
1,33.5957460731,130.219441724
1,33.5957453231,130.219441266
1,33.595744527,130.21944084
1,33.5957438121,130.219440373
1,33.5957430314,130.219439935
1,33.5957423347,130.219439466
1,33.5957416324,130.219439015
1,33.5957408958,130.219438578
1,33.5957401214,130.219438144
1,33.5957394299,130.219437705
1,33.5957387185,130.219437269
1,33.5957379909,130.219436833
1,33.595737349,130.219436408
1,33.5957368362,130.219436002
1,33.595736262,130.219435582
1,33.5957356564,130.219435154
1,33.5957349712,130.219434714
1,33.5957342241,130.219434268
1,33.5957334271,130.219433819
1,33.5957327776,130.219433393
1,33.5957320964,130.219432963
1,33.5957314593,130.219432538
1,33.5957307355,130.2194321
1,33.5957299892,130.219431659
1,33.595729223,130.219431216
1,33.5957284993,130.219430783
1,33.5957278415,130.219430361
1,33.595727164,130.219429934
1,33.5957265513,130.219429518
1,33.5957257713,130.219429063
1,33.5957250012,130.219428615
1,33.5957243221,130.219428191
1,33.5957236971,130.219427777
1,33.5957230961,130.219427364
1,33.5957225009,130.219426947
1,33.5957219154,130.219426528
1,33.5957213087,130.219426098
1,33.5957206637,130.219425657
1,33.5957201001,130.219425243
1,33.5957196057,130.219424846
1,33.5957191129,130.21942444
1,33.595718543,130.219424
1,33.5957178697,130.219423528
1,33.5957171713,130.219423062
1,33.5957165935,130.219422656
1,33.5957160437,130.219422258
1,33.5957154841,130.219421849
1,33.5957149716,130.219421455
1,33.595714603,130.219421114
1,33.595714085,130.219420674
1,33.5957134709,130.219420191
1,33.5957128433,130.219419721
1,33.5957122827,130.219419302
1,33.595711719,130.219418885
1,33.5957111745,130.219418478
1,33.5957105942,130.219418049
1,33.5957100087,130.21941762
1,33.595709492,130.219417238
1,33.5957089928,130.219416854
1,33.5957085174,130.21941647
1,33.5957080388,130.219416067
1,33.5957072761,130.219420667
1,33.5957068172,130.219420236
1,33.5957062857,130.219419711
1,33.5957057694,130.219419243
1,33.5957052858,130.21941877
1,33.5957048971,130.219418275
1,33.595704459,130.219417823
1,33.5957038602,130.219417415
1,33.595703324,130.219416956
1,33.5957027818,130.21941649
1,33.5957023127,130.219416015
1,33.5957019129,130.219415547
1,33.5957014879,130.219415087
1,33.5957011601,130.219414639
1,33.595700923,130.219414204
1,33.5957007479,130.219413775
1,33.5957006218,130.219413349
1,33.5957004368,130.219412909
1,33.5957002142,130.219412462
1,33.5956999816,130.219412015
1,33.5956996572,130.219411556
1,33.5956993641,130.219411105
1,33.5956990888,130.219410658
1,33.5956988315,130.219410215
1,33.5956985383,130.219409766
1,33.5956982771,130.219409323
1,33.5956980619,130.219408887
1,33.5956978909,130.219408458
1,33.5956977598,130.219408034
1,33.5956975756,130.219407596
1,33.5956973396,130.219407146
1,33.5956970864,130.219406694
1,33.5956968581,130.219406251
1,33.5956967037,130.219405825
1,33.5956964261,130.219405366
1,33.5956960802,130.219404896
1,33.5956957055,130.219404426
1,33.5956953801,130.219403978
1,33.5956951763,130.219403566
1,33.5956949979,130.219403153
1,33.5956948844,130.21940275
1,33.5956947695,130.219402334
1,33.5956947005,130.219401923
1,33.5956946613,130.219401509
1,33.5956946199,130.219401084
1,33.59569458,130.219400652
1,33.5956944878,130.219400196
1,33.5956943601,130.219399731
1,33.5956941984,130.219399261
1,33.5956939789,130.219398781
1,33.5956937783,130.219398328
1,33.5956936856,130.219397935
1,33.5956936442,130.219397557
1,33.5956935507,130.219397136
1,33.5956934976,130.21939673
1,33.5956935001,130.219396343
1,33.5956900894,130.219449975
1,33.5956902215,130.219448573
1,33.5956902951,130.219447934
1,33.5956903575,130.219446525
1,33.5956903681,130.219444909
1,33.5956903888,130.219443727
1,33.5956902778,130.21944313
1,33.5956901482,130.219442103
1,33.5956900626,130.219440419
1,33.5956899451,130.219438951
1,33.5956899059,130.219437188
1,33.5956899288,130.219435567
1,33.5956899365,130.219434399
1,33.5956900707,130.219433287
1,33.5956902765,130.219432239
1,33.5956904694,130.219431167
1,33.5956907126,130.219430077
1,33.5956908486,130.219429086
1,33.5956909982,130.219428381
1,33.5956911377,130.21942778
1,33.5956912231,130.219427229
1,33.5956912689,130.219426629
1,33.5956912804,130.219425606
1,33.5956912953,130.219424562
1,33.5956912859,130.219423561
1,33.5956912882,130.219422406
1,33.595691478,130.219421279
1,33.5956917224,130.219420212
1,33.5956919695,130.21941902
1,33.5956922615,130.219417705
1,33.5956926171,130.219416508
1,33.5956929552,130.219415341
1,33.5956932136,130.219414361
1,33.5956934453,130.219413265
1,33.5956935825,130.219412079
1,33.5956936917,130.219410917
1,33.595697673,130.219349541
1,33.595697762,130.219348757
1,33.5956980204,130.219348049
1,33.5956982682,130.219347217
1,33.5956984936,130.219346384
1,33.5956989849,130.219345481
1,33.595699398,130.219344669
1,33.5956997952,130.219343874
1,33.5957003755,130.219343038
1,33.5957008044,130.219342253
1,33.5957011366,130.21934146
1,33.5957013934,130.219340644
1,33.5957015763,130.219339807
1,33.5957017941,130.219338964
1,33.5957020196,130.219338122
1,33.5957022855,130.219337289
1,33.5957026182,130.219336466
1,33.5957030255,130.219335653
1,33.5957034289,130.219334834
1,33.5957039296,130.219334026
1,33.5957044247,130.219333213
1,33.5957048237,130.219332385
1,33.5957051901,130.219331552
1,33.5957055646,130.219330721
1,33.5957058981,130.219329884
1,33.5957060969,130.219329028
1,33.5957062047,130.219328161
1,33.5957064049,130.219327316
1,33.5957066734,130.219326487
1,33.5957016021,130.21940902
1,33.5957023595,130.219401526
1,33.5957029116,130.219398544
1,33.5957035074,130.21939506
1,33.5957040832,130.219392554
1,33.595704533,130.219391026
1,33.5957049375,130.219389598
1,33.595705332,130.219388195
1,33.5957057015,130.219386898
1,33.595706008,130.219385744
1,33.5957063805,130.219384577
1,33.5957067819,130.219383442
1,33.5957071618,130.219382307
1,33.5957075828,130.219381266
1,33.5957080947,130.219380259
1,33.5957085628,130.219379193
1,33.5957090416,130.219378119
1,33.5957094339,130.219377467
1,33.5957097566,130.219376883
1,33.5957100606,130.219376305
1,33.5957103637,130.219375648
1,33.595710651,130.219374791
1,33.5957108372,130.219374142
1,33.5957111191,130.219373377
1,33.5957114545,130.219372591
1,33.5957118747,130.219371787
1,33.5957123457,130.219370965
1,33.595712838,130.219370119
1,33.5957134351,130.21936926
1,33.5957139529,130.219368358
1,33.5957144632,130.219367427
1,33.5957148865,130.219366457
1,33.5957152929,130.219365461
1,33.5957155852,130.219364426
1,33.5957158942,130.219363372
1,33.5957161814,130.219362291
1,33.5957164786,130.219361187
1,33.5957167545,130.219360055
1,33.5957170754,130.219358903
1,33.5957174762,130.219357734
1,33.5957180464,130.21935656
1,33.595718584,130.219355353
1,33.5957192079,130.219354128
1,33.5957198351,130.219352874
1,33.5957202386,130.219351555
1,33.5957205818,130.219350203
1,33.5957209399,130.219348833
1,33.595721213,130.219347427
1,33.5957214307,130.219345992
1,33.5957216683,130.21934454
1,33.5957220362,130.219343087
1,33.5957225109,130.219341625
1,33.5957230453,130.219340141
1,33.5957235984,130.219338627
1,33.5957242568,130.2193371
1,33.5957249244,130.219335539
1,33.5957255664,130.219333941
1,33.5957261834,130.219332307
1,33.5957267027,130.219330627
1,33.5957271745,130.219328915
1,33.5957275817,130.21932717
1,33.595727972,130.219325405
1,33.5957282995,130.219323608
1,33.5957315883,130.219279382
1,33.5957318487,130.219278624
1,33.595732263,130.219278096
1,33.5957327482,130.219277472
1,33.5957333102,130.219276814
1,33.5957337576,130.219276213
1,33.5957344873,130.219275517
1,33.5957351102,130.219274909
1,33.5957356668,130.219274317
1,33.5957361202,130.219273722
1,33.5957364743,130.219273105
1,33.595736841,130.21927246
1,33.5957371584,130.219271802
1,33.5957373826,130.21927113
1,33.5957376594,130.219270466
1,33.5957380998,130.21926983
1,33.5957384419,130.219269175
1,33.5957389217,130.219268542
1,33.5957396232,130.219267937
1,33.5957402568,130.219267313
1,33.595740863,130.21926668
1,33.5957415565,130.219266058
1,33.5957420436,130.219265403
1,33.5957424847,130.219264744
1,33.595742892,130.219264082
1,33.5957433447,130.21926343
1,33.5957435714,130.219262743
1,33.595743962,130.219262091
1,33.5957443442,130.21926144
1,33.59574477,130.219260799
1,33.5957453319,130.219260183
1,33.5957460324,130.21925959
1,33.595746875,130.219259014
1,33.5957474237,130.219258354
1,33.5957480825,130.219257721
1,33.5957485622,130.219257041
1,33.5957490687,130.219256377
1,33.5957494895,130.219255697
1,33.5957499149,130.219255031
1,33.5957503584,130.219254379
1,33.5957507386,130.219253713
1,33.5957511428,130.219253063
1,33.5957516592,130.219252454
1,33.5957522372,130.219251856
1,33.5957529598,130.219251295
1,33.5957536328,130.219250687
1,33.5957543719,130.219250088
1,33.5957550413,130.219249443
1,33.595755536,130.219248721
1,33.595756109,130.219248057
1,33.595756619,130.219247374
1,33.5957570491,130.219246671
1,33.5957574515,130.219245981
1,33.5957578748,130.219245325
1,33.5957582945,130.219244681
1,33.5957587642,130.219244071
1,33.59575926,130.21924347
1,33.5957598375,130.219242903
1,33.5957604381,130.219242321
1,33.595761102,130.219241751
1,33.5957616855,130.219241094
1,33.5957623167,130.219240463
1,33.5957628055,130.219239723
1,33.5957631391,130.219234713
1,33.5957635671,130.21923394
1,33.5957640377,130.219233108
1,33.5957645911,130.21923227
1,33.5957649987,130.219231431
1,33.59576563,130.21923052
1,33.5957661299,130.21922969
1,33.5957666445,130.219228845
1,33.5957670278,130.219228023
1,33.5957675466,130.219227153
1,33.5957679895,130.219226296
1,33.5957684896,130.219225433
1,33.5957689299,130.219224569
1,33.5957691891,130.219223684
1,33.5957695849,130.219222817
1,33.5957698712,130.219221933
1,33.5957700623,130.219221036
1,33.595770325,130.219220157
1,33.5957707109,130.219219297
1,33.5957712913,130.219218463
1,33.5957719119,130.219217627
1,33.5957726683,130.219216804
1,33.5957732565,130.219215952
1,33.5957738526,130.219215099
1,33.5957745128,130.219214255
1,33.5957749108,130.219213366
1,33.5957752152,130.219212467
1,33.5957755553,130.219211581
1,33.5957759322,130.219210708
1,33.5957761785,130.219209813
1,33.5957764361,130.219208928
1,33.5957766694,130.219208042
1,33.5957771921,130.219207226
1,33.595777761,130.219206408
1,33.5957781832,130.219205542
1,33.5957786674,130.219204688
1,33.5957794109,130.219203897
1,33.5957800127,130.219203046
1,33.5957804481,130.219202142
1,33.5957808288,130.219201232
1,33.5957811175,130.219200307
1,33.5957814616,130.219199419
1,33.595781827,130.219198548
1,33.5957821124,130.219197655
1,33.5957826004,130.219196845
1,33.5957831118,130.219196029
1,33.5957835021,130.21919515
1,33.5957839648,130.219194303
1,33.5957845464,130.219193497
1,33.5957851706,130.219192687
1,33.5957857506,130.219191835
1,33.5957864185,130.219191013
1,33.5957869425,130.219190103
1,33.595787365,130.219189155
1,33.5957878257,130.219188255
1,33.5957883064,130.219187383
1,33.5957887812,130.219186517
1,33.5957891383,130.21918559
1,33.5957897458,130.219184842
1,33.595790186,130.219183956
1,33.5957905787,130.21918305
1,33.5957910791,130.219182235
1,33.5957915717,130.2191814
1,33.5957925728,130.219178514
1,33.5957929294,130.21917726
1,33.5957933271,130.219176464
1,33.5957938753,130.219175667
1,33.5957945055,130.21917482
-1,33.5957951424,130.219174001
-1,33.5959986236,130.219059562
-1,33.5958953366,130.219153875
-1,33.5958926261,130.219156073
-1,33.5958152779,130.219227314
-1,33.5958155214,130.219227193
-1,33.5958503499,130.219195202
-1,33.59585159,130.219191578
-1,33.5957694216,130.219268763
-1,33.5957696584,130.219268232
-1,33.5957408392,130.219295004
-1,33.5957397393,130.219294627
-1,33.5957117026,130.219320218
0,33.5957890431,130.219328224
0,33.5957889448,130.219328161
-1,33.5957889315,130.219328102
-1,33.5957120942,130.219317721
-1,33.5957149753,130.219315714
-1,33.5956719687,130.219353233
-1,33.5956724186,130.219355392
-1,33.595701095,130.219327581
-1,33.5957013848,130.219326071
-1,33.5957134821,130.219313495
-1,33.5957163672,130.219312411
-1,33.5957538154,130.219276393
-1,33.5957545155,130.219275357
-1,33.5958011666,130.219229492
-1,33.5958031444,130.219230249
-1,33.5958970041,130.219143573
-1,33.5958955856,130.219141788
-1,33.5958940048,130.219139083
-1,33.5958917336,130.219142957
-1,33.595901928,130.219133709
-1,33.5959059638,130.219130314
-1,33.5959216902,130.219114073
-1,33.5959190987,130.21911575
-1,33.5959186741,130.21911492
-1,33.5959198235,130.219111123
-1,33.5959152116,130.219116068
-1,33.5959159464,130.219117588
-1,33.5959062308,130.219126233
-1,33.5959087546,130.219122375
-1,33.5959030914,130.219127731
-1,33.5959031521,130.219127953
-1,33.5958757981,130.219152525
-1,33.5958765696,130.219151297
-1,33.5958529407,130.219172684
-1,33.5958005368,130.219223074
-1,33.5958023282,130.219218071
-1,33.5957330887,130.21928246
-1,33.5957320972,130.219284042
-1,33.5957244544,130.219290409
-1,33.5957244548,130.219287943
-1,33.595724396,130.219288429
-1,33.5957227991,130.219288365
-1,33.5957208468,130.219288819
-1,33.5957199889,130.219288164
-1,33.5957423788,130.219265065
-1,33.5957411187,130.219265044
-1,33.5957466903,130.219258371
-1,33.5957458832,130.219259083
-1,33.5957653565,130.219240332
-1,33.595766327,130.219237458
-1,33.5957774361,130.219227744
-1,33.5957782808,130.219224433
-1,33.5958056669,130.219197974
-1,33.5958001628,130.219199903
-1,33.595847506,130.219155257
-1,33.5958470406,130.219152484
-1,33.5958559127,130.219143983
-1,33.5958544357,130.219144546
-1,33.595847965,130.219148772
-1,33.5958475938,130.21914774
-1,33.595857481,130.219137106
-1,33.5958571085,130.219134533
-1,33.5958473374,130.21914243
-1,33.5958455304,130.219143965
-1,33.5958541113,130.219135147
-1,33.5958539748,130.219133678
-1,33.5958675298,130.219120197
-1,33.5958666509,130.219120482
-1,33.5958634869,130.219119547
-1,33.595863465,130.219119787
-1,33.5958663644,130.219115704
-1,33.5958680239,130.219113355
-1,33.5958763088,130.219104541
-1,33.595874004,130.219103057
-1,33.5958771335,130.219101064
-1,33.5958790714,130.219098844
-1,33.5958812037,130.219094447
-1,33.5958826484,130.219090888
-1,33.5958907092,130.219083443
-1,33.5958889725,130.219084616
-1,33.5958759494,130.219093849
-1,33.5958772665,130.219091093
-1,33.5958620843,130.219103662
-1,33.5958617845,130.219104831
-1,33.5958588792,130.21910661
-1,33.5958620693,130.219101577
-1,33.595858309,130.219105357
-1,33.5958546686,130.219106833
-1,33.5958412571,130.219116203
-1,33.5958425452,130.21911443
-1,33.5958490003,130.219108349
-1,33.5958501355,130.219107044
-1,33.5958508439,130.219103977
-1,33.5958489678,130.219103555
-1,33.5958414168,130.219108692
-1,33.5958422952,130.219106393
-1,33.5958446866,130.219104979
-1,33.5958420561,130.219103934
-1,33.5958309148,130.219113292
-1,33.5958287009,130.219114958
-1,33.5958439789,130.219097907
-1,33.5958429621,130.219098418
-1,33.5958447648,130.21909692
-1,33.5958474877,130.219092733
-1,33.5958535344,130.219085108
-1,33.5958520092,130.219085697
-1,33.5958291483,130.219106547
-1,33.595832437,130.219099968
-1,33.5958582488,130.219074882
-1,33.595856204,130.219074166
-1,33.5958703159,130.219059837
-1,33.5958703173,130.219059568
-1,33.5958740769,130.219054141
-1,33.5958723656,130.219053974
-1,33.5958738827,130.219050189
-1,33.5958744777,130.219050669
-1,33.5958787474,130.219044259
-1,33.5958787245,130.219043683
-1,33.5958848567,130.219035786
-1,33.5958847983,130.219033477
-1,33.5958748852,130.219041534
-1,33.5958717291,130.219043931
-1,33.5958768077,130.219036921
-1,33.5958758189,130.219036067
-1,33.5958697393,130.219040684
-1,33.5958723197,130.219037271
-1,33.595864328,130.21904648
-1,33.5958635179,130.219043151
-1,33.5958543453,130.219049364
-1,33.5958493414,130.219054703
-1,33.5958414935,130.219059563
-1,33.5958412391,130.219055871
-1,33.5958521221,130.2190458
-1,33.5958501574,130.219047218
-1,33.595851748,130.219041555
-1,33.5958512807,130.219042523
-1,33.5958221527,130.219068162
-1,33.5958205786,130.219064779
-1,33.5958192907,130.219065152
-1,33.5958315864,130.219046264
-1,33.5958337581,130.219045164
-1,33.59582742,130.219027326
-1,33.5958249953,130.219028171
-1,33.5958246367,130.219026396
-1,33.5958284702,130.219021431
-1,33.5958267138,130.219022722
-1,33.5958139922,130.2190341
-1,33.5958151433,130.219030349
-1,33.5958177042,130.219026914
-1,33.5958164633,130.219025106
-1,33.5958124382,130.219028175
-1,33.595811598,130.219030571
-1,33.5958179054,130.219022984
-1,33.5958172181,130.219022434
-1,33.595804878,130.219032578
-1,33.5958037054,130.219031738
-1,33.595808632,130.219025627
-1,33.5958073626,130.219026199
-1,33.5958041835,130.219028854
-1,33.595806887,130.219027418
-1,33.5957995118,130.219032143
0,33.59573259,130.21905837
0,33.5957300841,130.219057574
0,33.5957388033,130.219059016
-1,33.5957384813,130.219058446
-1,33.5957421237,130.219136315
-1,33.5957409997,130.219135694
-1,33.5957509669,130.219123924
-1,33.59575046,130.219123691
-1,33.5958091788,130.219014082
-1,33.5958108798,130.219012263
-1,33.5958202775,130.218999985
-1,33.5958183507,130.219001354
-1,33.5958157876,130.219003434
-1,33.5957333897,130.219047822
-1,33.5956905946,130.219042788
-1,33.5956824897,130.21904762
-1,33.5957093523,130.219034846
-1,33.5957030734,130.219037178
-1,33.5957010244,130.219042295
-1,33.5956998343,130.219041612
-1,33.595736321,130.219005579
-1,33.5957375557,130.219004638
-1,33.5957095617,130.218982226
-1,33.5957099713,130.218979516
-1,33.5957236107,130.218997632
-1,33.5957292554,130.218993556
-1,33.5957055261,130.218998515
-1,33.5957051464,130.218998511
-1,33.5956936247,130.219010527
-1,33.5956942089,130.219010087
-1,33.5956786291,130.219022738
-1,33.5956820088,130.219019758
-1,33.5956842074,130.219002946
-1,33.5956797172,130.219005546
-1,33.5956925612,130.218987308
-1,33.5956889211,130.218987509
-1,33.5956840823,130.218994676
-1,33.5956849955,130.218993489
-1,33.595692475,130.218996985
-1,33.5956935345,130.218995601
-1,33.5956902317,130.218988763
-1,33.5956887104,130.218989736
-1,33.5956845543,130.218988889
-1,33.5956824811,130.218989971
-1,33.5956798044,130.218989339
-1,33.5956755063,130.218992126
-1,33.5956823913,130.218993789
-1,33.5956831059,130.21899398
-1,33.5956808053,130.21899693
-1,33.5956850349,130.218993281
-1,33.5956801571,130.218998572
-1,33.5956788211,130.218999735
-1,33.5956746153,130.219007432
-1,33.5956724064,130.219009146
-1,33.5956781426,130.219003801
-1,33.5956793959,130.21900327
-1,33.5956821857,130.219001759
-1,33.5956815828,130.21900043
-1,33.5956869339,130.21899955
-1,33.5956843142,130.219000027
-1,33.5956836902,130.219004353
-1,33.5956811062,130.219005421
-1,33.5956842899,130.219003218
-1,33.5956820666,130.219005613
-1,33.595684971,130.21901271
-1,33.5956822339,130.219013965
-1,33.5956831208,130.219015725
-1,33.5956832101,130.219015211
-1,33.5956828906,130.219020468
-1,33.5956829289,130.219019948
-1,33.5956838392,130.219009255
-1,33.5956811502,130.219010403
-1,33.5956830328,130.219016766
-1,33.5956827781,130.219016972
-1,33.5956839656,130.219006
-1,33.5956828875,130.219007607
-1,33.5956839111,130.219005797
-1,33.5956846654,130.219006289
-1,33.5956841387,130.21900626
-1,33.5956838728,130.21900718
-1,33.5956833599,130.219005561
-1,33.5956832007,130.219006761
-1,33.5956822778,130.219006485
-1,33.5956812212,130.219007204
-1,33.5956808843,130.219005368
-1,33.5956799991,130.219007459
-1,33.5956803635,130.219010872
-1,33.5956797771,130.219013029
-1,33.5956783559,130.219013248
-1,33.5956775713,130.219013587
-1,33.5956775744,130.219010048
-1,33.5956779806,130.21901115
-1,33.595679469,130.219010462
-1,33.5956788486,130.219011082
-1,33.5956797092,130.219009555
-1,33.5956791587,130.219009739
-1,33.5956796419,130.219010327
-1,33.5956787918,130.219011733
-1,33.5956795719,130.219012456
-1,33.5956793099,130.219013226
-1,33.595678121,130.219014633
-1,33.5956773408,130.219013799
-1,33.5956758649,130.219014904
-1,33.5956754035,130.21901709
-1,33.5956737854,130.219015119
-1,33.595673777,130.219017288
-1,33.5956739206,130.219021215
-1,33.5956729001,130.219022155
-1,33.5956730465,130.219021104
-1,33.5956729044,130.219021409
-1,33.5956719394,130.219026587
-1,33.5956722882,130.219027376
-1,33.5956710582,130.219020957
-1,33.5956710869,130.219022541
-1,33.5956694079,130.219019999
-1,33.5956695115,130.219020136
-1,33.595668729,130.219017577
-1,33.5956690839,130.219017695
-1,33.5956682586,130.219017176
-1,33.5956681395,130.219016992
-1,33.5956681062,130.219019788
-1,33.5956674155,130.219021409
-1,33.5956667588,130.219022691
-1,33.5956658674,130.219023383
-1,33.5956657958,130.219022654
-1,33.5956657869,130.219024003
-1,33.5956661454,130.219026694
-1,33.5956672544,130.219026484
-1,33.5956658748,130.219023646
-1,33.5956669987,130.219025387
-1,33.5956682031,130.219027246
-1,33.5956686975,130.219027821
-1,33.5956691944,130.219029578
-1,33.5956704368,130.219029997
-1,33.5956693231,130.219030586
-1,33.5956684911,130.219032414
-1,33.5956688319,130.219035045
-1,33.5956677834,130.21903594
-1,33.595668278,130.219034925
-1,33.5956687985,130.219034186
-1,33.5956692318,130.21903448
-1,33.5956682869,130.219034358
-1,33.5956678459,130.219036975
-1,33.5956672565,130.219036191
-1,33.595666514,130.219037975
-1,33.5956679896,130.219037357
-1,33.5956671861,130.219039604
-1,33.5956664781,130.219039779
-1,33.5956668997,130.219039314
-1,33.595666254,130.219040214
-1,33.5956667026,130.219040428
-1,33.595666403,130.219041426
-1,33.5956671469,130.219038458
-1,33.5956665413,130.219039512
-1,33.5956660863,130.21903855
-1,33.5956663258,130.219037691
-1,33.595666405,130.21904052
-1,33.5956662817,130.219039673
-1,33.595666956,130.219037901
-1,33.5956666307,130.219037832
-1,33.5956670044,130.219039963
-1,33.5956668569,130.219040648
-1,33.5956672271,130.219039282
-1,33.595666902,130.219039128
-1,33.5956677156,130.21904062
-1,33.5956674297,130.219040365
-1,33.5956655813,130.219039149
-1,33.5956652734,130.219039768
-1,33.595666666,130.219036568
-1,33.5956657157,130.2190373
-1,33.5956659705,130.219035205
-1,33.5956647357,130.219035887
-1,33.5956672002,130.219035735
-1,33.595667237,130.219036719
-1,33.5956661695,130.219033285
-1,33.5956667149,130.219033371
-1,33.5956658725,130.219032609
-1,33.5956652835,130.219033139
-1,33.5956734566,130.21910009
-1,33.5956694832,130.219031754
-1,33.5956716839,130.219033122
-1,33.5956723983,130.219031968
-1,33.5956735178,130.219032257
-1,33.5956710682,130.219031852
-1,33.5956779162,130.219035128
-1,33.5956806422,130.219032281
-1,33.5956760364,130.219034741
-1,33.5956783774,130.219034045
-1,33.5956861918,130.219029095
-1,33.5956852722,130.2190281
-1,33.5956839537,130.219023863
-1,33.5956911937,130.219083916
-1,33.5956960318,130.219077608
-1,33.5956988529,130.219080526
-1,33.595693169,130.219087237
-1,33.5956910521,130.219089943
-1,33.5956938981,130.219086374
-1,33.5956919423,130.219085369
-1,33.5956991734,130.219083997
-1,33.5956978904,130.219082397
-1,33.5956979183,130.219081744
-1,33.5956976749,130.219083689
-1,33.5956940739,130.219088782
-1,33.5956934816,130.219087505
-1,33.5956900962,130.219088669
-1,33.5956763716,130.219097561
-1,33.5956745334,130.21909612
